회원사코드,차량번호,차대번호,제조사,모델명,세부모델,연식,상태,트림,선택옵션,외부색상,내부색상,소비자가격,차량가격,연료,배기량,변속기,구동,인승,차종,최초등록일,차령만료일,용도,등록지역,사용본거지,취득방법,취득일,매입처,취득원가,신차탁송,실제구입가격,취등록세,매도비,성능보험료,이전대행료,지역공채,인지대,기타수수료,금융사,원금,선수금,할부기간(개월),금리(%),대출방식,초회차 납입일,출금계좌,중도상환 수수료(%),소유구분,소유자명,메인키,보조키,카드키,키비고,GPS 장착,GPS 업체,GPS 단말기,GPS 번호,주행거리,비고
CP05,02무0357,KMHFM411BGA009704,현대,아슬란,아슬란,2016,매각중,아슬란 자가용 가솔린 3.0 MODERN SPECIAL 런칭,HUD / JBL사운드 패키지 / 현대 스마트센스 패키지 II / 프리미어 인테리어 셀렉션 / 파노라마썬루프,화이트,블랙,"40,010,000","12,000,000",가솔린,2999,,,,,15-09-25,,렌터카,김포,,할부,24-01-18,,,,,,,,,,,,,,,,,,,,,,,,,,,,,,,,
CP05,166마2517,ZAM57TSA6G1169190,마세라티,마세라티,마세라티 기블리,2015,대기,마세라티 기블리 3세대 3.0 V6 디젤,C-TeECH 패키지,화이트,,,"96,900,000",디젤,2987,,,,,15-10-27,,렌터카,김포,,할부,25-05-26,,,,,,,,,,,,,,,,,,,,,,,,,,,,,,,,
CP05,16부2718,KMHFH41EBGA531520,현대,그랜저,그랜저 HG,2016,가동중,그랜저HG 자가용 가솔린 3.0 EXCLUSIVE SPECIAL 15MY,"다크레드-드라이브와이즈2, 선루프",화이트,블랙,"42,680,000","16,500,000",가솔린,2999,,,,,15-11-13,,렌터카,김포,,할부,24-01-25,,,,,,,,,,,,,,,,,,,,,,,,,,,,,,,,
CP05,103주3484,1FA6P8CF6G5240046,포드,머스탱,머스탱GT,2015,가동중,포드 머스탱(6세대) 5.0 GT 프리미엄 쿠페,다크레드-드라이브와이즈2/선루프,블랙,블랙,,"24,900,000",가솔린,4951,,,,,16-01-04,,렌터카,김포,,할부,25-04-10,,,,,,,,,,,,,,,,,,,,,,,,,,,,,,,,
CP05,369두9464,WBA6E4101GG377890,BMW,BMW 640d 그랑쿠페,6시리즈(F12),2016,수리중,BMW 640d 그란쿠페 xDrive,기본,화이트,브라운,,"29,940,000",디젤,2993,,,,,16-03-08,,렌터카,김포,,할부,24-01-12,,,,,,,,,,,,,,,,,,,,,,,,,,,,,,,,
CP05,26구0535,KNALB415BGA001700,기아,K7,K7,2016,가동중,올 뉴K7 2.4 GDi 프레스티지,레드포인트-컨비니언스 / 무릎에어백 / 내비게이션 / 선루프 / 스타일,블랙,,"38,180,000","12,000,000",가솔린,2359,,,,,16-04-06,,렌터카,김포,,할부,24-04-29,,,,,,,,,,,,,,,,,,,,,,,,,,,,,,,,
CP05,15마0724,KMHFG41EBHA573509,현대,그랜저 HG,그랜저 HG,2017,가동중,그랜저HG 자가용 가솔린 3.0 30주년기념 사양조정모델 .,"메탈포인트-컨비니언스, 무릎에어백, 내비게이션, 스타일",블랙,,"40,020,000","14,300,000",가솔린,2999,,,,,16-06-24,,렌터카,김포,,할부,24-03-29,,,,,,,,,,,,,,,,,,,,,,,,,,,,,,,,
CP05,181로2705,ZAM57XSA8G1187455,마세라티,마세라티,마세라티 기블리,2016,가동중,마세라티 기블리,기본,그레이,,,"27,000,000",가솔린,2979,,,,,16-07-29,,렌터카,김포,,할부,24-12-16,,,,,,,,,,,,,,,,,,,,,,,,,,,,,,,,
CP05,03머0389,KMHG341DDGU021345,제네시스,EQ900,EQ900,2016,가동중,EQ900 자가용 세단 3.8 Prestige 오토 런칭,기본,블랙,,"107,000,000","30,185,000",가솔린,3778,,,,,16-08-24,,렌터카,김포,,할부,23-12-13,,,,,,,,,,,,,,,,,,,,,,,,,,,,,,,,
CP05,19무0235,WBA4P9101GK681488,bmw,bmw 4시리즈,4시리즈 F32,2016,대기,16 BMW 4시리즈(1세대)쿠페 420d xDrive M Sport Pkg,"다크레드-드라이브와이즈2, 선루프",화이트,,"61,100,000","17,000,000",디젤,1995,,,,,16-10-14,,렌터카,김포,,할부,24-06-07,,,,,,,,,,,,,,,,,,,,,,,,,,,,,,,,
CP05,20다0220,ZAM56TPGXH1212866,마세라티,마세라티,마세라티 콰트로포르테,2017,가동중,2017 마세라티 콰트로포르테(6세대) 3.0 V6디젤 GranLusso,"다크레드-드라이브와이즈2, 선루프",화이트,,"160,000,000","36,500,000",디젤,2987,,,,,16-11-29,,렌터카,김포,,할부,24-06-26,,,,,,,,,,,,,,,,,,,,,,,,,,,,,,,,
CP05,48가9900,1G1F91R77H0134529,쉐보레,쉐보레,카마로,2016,가동중,올 뉴카마로 SS 6.2,기본,블랙,블랙,,"20,500,000",가솔린,6162,,,,,17-01-02,,렌터카,김포,,할부,25-04-23,,,,,,,,,,,,,,,,,,,,,,,,,,,,,,,,
CP05,117머4942,1G1F91R78H0134278,쉐보레,카마로,카마로 SS,2016,가동중,GM 쉐보레 카마로 SS,기본,노랑,,,"26,400,000",가솔린,6162,,,,,17-01-03,,렌터카,김포,,할부,24-11-28,,,,,,,,,,,,,,,,,,,,,,,,,,,,,,,,
CP05,19마6497,KMHGN41BDHU215414,제네시스,G80,G80,2017,가동중,	G80 자가용 가솔린 3.3T Sport 오토 런칭,컴포트패키지2 / 내비2 / 시트패키지3 / 스타일패키지,화이트,,"77,000,000","31,700,000",가솔린,3342,,,,,17-01-24,,렌터카,김포,,할부,24-09-27,,,,,,,,,,,,,,,,,,,,,,,,,,,,,,,,
CP05,62조4444,WP1AF2926HLA30633,포르쉐,카이엔,카이엔,2016,가동중,포르쉐 카이앤 (Diesel),고급형,블랙,,,"40,000,000",디젤,2967,,,,,17-02-06,,렌터카,김포,,할부,25-01-16,,,,,,,,,,,,,,,,,,,,,,,,,,,,,,,,
CP05,41구1614,KLYDC487DHC234014,쉐보레,스파크,스파크,2017,가동중,더 넥스트 스파크(가솔린),"라임포인트-컨비니언스, 내비게이션, 선루프, 스타일",화이트,,"12,910,000","5,600,000",가솔린,999,,,,,17-02-09,,렌터카,김포,,할부,24-08-20,,,,,,,,,,,,,,,,,,,,,,,,,,,,,,,,
CP05,52수7832,WDDWK4CBXHF547199,벤츠,벤츠c 카브리올레,벤츠c 카브리올레,2017,가동중,벤츠 C200 Cabriolet,"플러쉬글래스, 하이패스(D&N), 내비게이션 패키지II",화이트,,"63,100,000","27,000,000",가솔린,1991,,,,,17-04-25,,렌터카,김포,,할부,24-03-14,,,,,,,,,,,,,,,,,,,,,,,,,,,,,,,,
CP05,36머9150,WDDWF4CB5HF525955,벤츠,벤츠C200,C200,2017,대기,벤츠 C200,다크레드-드라이브와이즈2 / 선루프,화이트,,,"16,000,000",가솔린,1991,,,,,17-06-01,,렌터카,김포,,할부,24-11-29,,,,,,,,,,,,,,,,,,,,,,,,,,,,,,,,
CP05,07버3390,KMHD041DBJU468479,현대,아반떼,아반떼AD,2018,가동중,	아반떼AD 자가용 가솔린 1.6 Premium 오토 17MY,"드라이브와이즈,, 선루프, UVO",화이트,블랙,"25,600,000","14,300,000",가솔린,1591,,,,,17-06-07,,렌터카,김포,,할부,24-07-18,,,,,,,,,,,,,,,,,,,,,,,,,,,,,,,,
CP05,12다2400,KMHF2413BJA004165,현대,그랜저,그랜저 IG,2017,가동중,그랜저 IG 런칭 자가용 하이브리드 EXCLUSIVE SPECIAL A/T 프리미어 인테리어 셀렉션,"와이드 파노라마 선루프, KRELL 프리미엄사운드, 서라운드 뷰 모니터",네이비,,"47,430,000","23,500,000",HEV,2359,,,,,17-06-16,,렌터카,김포,,할부,24-10-07,,,,,,,,,,,,,,,,,,,,,,,,,,,,,,,,
CP05,54무1552,KLYDC487DHC249858,쉐보레,스파크,스파크,2017,가동중,더 넥스트 스파크,HTRAC / 파노라마썬루프,미색,,,"4,900,000",가솔린,999,,,,,17-06-30,,렌터카,김포,,할부,24-12-27,,,,,,,,,,,,,,,,,,,,,,,,,,,,,,,,
CP05,24부3251,KNAE751CDJS004293,기아,스팅어,스팅어,2018,가동중,스팅어 3.3 가솔린 GT AWD,"HTRAC, 시그니쳐 디자인 셀렉션, 파노라마썬루프",네이비,레드,"53,400,000","23,500,000",가솔린,3342,,,,,17-07-18,,렌터카,김포,,할부,23-12-12,,,,,,,,,,,,,,,,,,,,,,,,,,,,,,,,
CP05,297거4892,KNAE751CDJS000633,기아,스팅어,스팅어,2018,가동중,스팅어 3.3 가솔린 GT AWD,"HTRAC, 뒷좌석컴포트패키지, 파노라마썬루프",레드,,"52,430,000","21,500,000",가솔린,3342,,,,,17-07-27,,렌터카,김포,,할부,24-03-14,,,,,,,,,,,,,,,,,,,,,,,,,,,,,,,,
CP05,263모3889,WBAJD3103HWC12859,BMW,BMW530i,BMW530i,2017,가동중,5시리즈(7세대)530i M Sprts Package,"5단 자동변속기, PTO",화이트,블랙,,"30,900,000",가솔린,1998,,,,,17-09-08,,렌터카,김포,,할부,25-04-22,,,,,,,,,,,,,,,,,,,,,,,,,,,,,,,,
CP05,01도9893,KNAB5511BHT151725,기아,모닝,모닝,2017,가동중,모닝 . 아트컬렉션 가솔린 프레스티지 A/T,플러쉬글래스 / 하이패스(D&N) / 내비게이션 패키지 II / 동승석 통풍시트 / 윈도우밴,미색,,"16,100,000","8,700,000",가솔린,998,,,,,17-09-21,,렌터카,김포,,할부,24-10-14,,,,,,,,,,,,,,,,,,,,,,,,,,,,,,,,
CP05,02마4731,KNAB5511BHT161427,기아,모닝,올 뉴 모닝,2017,가동중,모닝 . 아트컬렉션 가솔린 프레스티지 A/T,"파노라마썬루프, 휠패키지",화이트,,"15,700,000","8,140,000",가솔린,998,,,,,17-10-25,,렌터카,김포,,할부,23-12-15,,,,,,,,,,,,,,,,,,,,,,,,,,,,,,,,
CP05,306조9919,WBAJC5103HG859140,BMW,BMW520d,BMW520d,2017,가동중,BMW 520d xDrive M Sport Plus,기본,화이트,,,"30,400,000",디젤,1995,,,,,17-10-27,,렌터카,김포,,할부,24-12-03,,,,,,,,,,,,,,,,,,,,,,,,,,,,,,,,
CP05,109로1819,WDDUG6EB4JA366538,벤츠,벤츠S450,벤츠S450,2017,가동중,벤츠 The New S450 4Matic L,다크레드-선루프,블랙,,,"50,500,000",가솔린,2996,,,,,17-11-21,,렌터카,김포,,할부,24-12-10,,,,,,,,,,,,,,,,,,,,,,,,,,,,,,,,
CP05,17수4278,KNAE751CDJS009087,기아,스팅어,스팅어,2018,가동중,스팅어 3.3 가솔린 GT AWD,기본,네이비,,"53,400,000","20,494,660",가솔린,3342,,,,,17-12-14,,렌터카,김포,,할부,23-12-04,,,,,,,,,,,,,,,,,,,,,,,,,,,,,,,,
CP05,15두2255,KNAE751CDJS009034,기아,스팅어,스팅어,2018,가동중,스팅어 3.3 터보 AWD GT,베이지-프리미엄팩,레드,,"53,400,000","25,500,000",가솔린,3342,,,,,17-12-14,,렌터카,김포,,할부,24-04-29,,,,,,,,,,,,,,,,,,,,,,,,,,,,,,,,
CP05,46누4225,1G1F91R77H0133154,쉐보레,카마로,카마로,2016,가동중,올 뉴카마로 SS 6.2 쿠페 6세대,고급형,노랑,,,"50,980,000",가솔린,6162,,,,,17-12-26,,렌터카,김포,,할부,25-07-15,,,,,,,,,,,,,,,,,,,,,,,,,,,,,,,,
CP05,311마8929,WBAJC5107JWB85430,BMW,BMW 520d,5시리즈 (G30),2017,대기,5시리즈(7세대) 520d xDrive M Sports Package Plus,"제네시스액티브세이프티2, 시그니처1+렉시콘(베이지), 와이드썬루프",화이트,블랙,"74,500,000","31,900,000",디젤,1995,,,,,17-12-29,,렌터카,김포,,할부,24-02-29,,,,,,,,,,,,,,,,,,,,,,,,,,,,,,,,
CP05,10어7374,KMHDR41BGJU625529,현대,아반떼,아반떼 스포츠,2018,가동중,아반떼AD 자가용 가솔린 1.6 터보 Extreme Selection DCT 17MY,기본,블랙,,"27,080,000","14,890,000",가솔린,1591,,,,,18-01-18,,렌터카,김포,,할부,24-10-10,,,,,,,,,,,,,,,,,,,,,,,,,,,,,,,,
CP05,252거3143,KNACF911BJT172729,기아,레이,레이,2017,가동중,레이 가솔린 1.0 . 밴 A/T 8 상품성개선,와이드파워게이트,,,"12,650,000","6,290,000",가솔린,998,,,,,18-01-25,,렌터카,김포,,할부,24-09-20,,,,,,,,,,,,,,,,,,,,,,,,,,,,,,,,
CP05,57나3382,KNAB5511BJT214256,기아,모닝,올 뉴 모닝,2018,가동중,모닝 2 18각자 아트컬렉션 가솔린 프레스티지 A/T,"미쉐린타이어, 선루프, 블랙시트팩-드라이브와이즈, 내비+KRELL사운드",,,"16,100,000","9,400,000",가솔린,998,,,,,18-02-02,,렌터카,김포,,할부,23-11-27,,,,,,,,,,,,,,,,,,,,,,,,,,,,,,,,
CP05,81너0984,KMFWBX7KBJU986497,현대,그랜드 스타렉스,더 뉴 그랜드 스타렉스,2018,가동중,G스타렉스 디젤 5인승 밴 자가용 모던 오토 더 뉴 그랜드 일반,베이지-프리미엄팩,,,"26,070,000","18,340,000",디젤,2497,,,,,18-03-21,,렌터카,김포,,할부,24-01-19,,,,,,,,,,,,,,,,,,,,,,,,,,,,,,,,
CP05,158수3389,KNAE751CDJS025773,기아,스팅어,스팅어3.3,2018,가동중,스팅어 3.3 가솔린 GT AWD,기본,,,"53,400,000","20,900,000",가솔린,3342,,,,,18-04-05,,렌터카,김포,,할부,24-10-07,,,,,,,,,,,,,,,,,,,,,,,,,,,,,,,,
CP05,133가8292,KNAKN814DJA185688,기아,모하비,모하비,2018,가동중,더뉴모하비 4WD,"블랙 보타이, 인포테인먼트 시스템, 컨비니언스 패키지, 리어 사이드 에어백, 선루프",,,"49,126,760","22,800,000",디젤,2959,,,,,18-05-08,,렌터카,김포,,할부,24-04-30,,,,,,,,,,,,,,,,,,,,,,,,,,,,,,,,
CP05,51라1828,KNAGW411BKA274473,기아,K5,K5 3세대,2018,가동중,K5 자가용 GSL 2.0 A/T 인텔리전트 세단,하이패스 시스템/현대스마트센스 패키지Ⅱ/IONIQ BLACK/프리미엄 패키지/썬루프 패키지/WINTER 패키지,미색,,"32,000,000","17,220,000",가솔린,1999,,,,,18-06-11,,렌터카,김포,,할부,23-12-11,,,,,,,,,,,,,,,,,,,,,,,,,,,,,,,,
CP05,265가2481,KMHGR41EDJU293522,제네시스,G80,G80,2018,가동중,	G80 자가용 가솔린 3.8 Finest 오토 18MY,"ETCS, UVO",,,"75,600,000","28,000,000",가솔린,3778,,,,,18-06-26,,렌터카,김포,,할부,24-07-12,,,,,,,,,,,,,,,,,,,,,,,,,,,,,,,,
CP05,30어1926,KMHGM412DJU278514,제네시스,G80,G80,2018,가동중,G80 자가용 디젤 2.2 Premium Luxury 오토 18MY 시그니쳐,기본,블랙,베이지,"61,550,000","31,300,000",디젤,2199,,,,,18-07-20,,렌터카,김포,,할부,24-01-26,,,,,,,,,,,,,,,,,,,,,,,,,,,,,,,,
CP05,172수8945,KMHGR41BDKU302872,제네시스,G80,G80,2019,대기,G80 자가용 가솔린 3.3T Sport 오토 19MY,기본,브라운,블랙,"73,230,000","32,230,000",가솔린,3342,,,,,18-09-17,,렌터카,김포,,할부,23-11-24,,,,,,,,,,,,,,,,,,,,,,,,,,,,,,,,
CP05,81소0566,KMFZCZ7KBKU622489,현대,포터2,포터Ⅱ,2019,가동중,포터II 카고 19MY 슈퍼캡 디젤 초장축 오토 모던,"베이지-듀얼선루프, 드라이브와이즈2, 프리미엄팩, 서라운드뷰",화이트,블랙,"18,820,000","13,100,000",디젤,2497,,,,,18-11-13,,렌터카,김포,,할부,23-12-19,,,,,,,,,,,,,,,,,,,,,,,,,,,,,,,,
CP05,89너4007,KMFWBX7KBKU043841,현대,스타렉스,그랜드 스타렉스,2019,가동중,G스타렉스 디젤 5인승 밴 자가용 모던 오토 더 뉴 그랜드 일반,기본,,,"26,320,000","18,500,000",디젤,2497,,,,,18-11-16,,렌터카,김포,,할부,24-10-02,,,,,,,,,,,,,,,,,,,,,,,,,,,,,,,,
CP05,314소2486,KMHF641NBKA221977,현대,그랜저,더 뉴 그랜저 IG,2019,가동중,그랜저 IG 19MY 렌터카 LPG 3.0 MODERN A/T,"베이지-듀얼선루프,드라이브와이즈2, 프리미엄팩, 서라운드뷰",,,"30,650,000","41,500,000",LPG,2999,,,,,18-11-19,,렌터카,김포,,할부,23-12-01,,,,,,,,,,,,,,,,,,,,,,,,,,,,,,,,
CP05,20더8094,1G1F91R77J0147397,쉐보레,카마로,카마로,2018,매각중,GM 쉐보레 카마로 SS,"서라운드뷰, 드라이브와이즈",,,,"27,000,000",가솔린,6162,,,,,18-11-22,,렌터카,김포,,할부,24-02-14,,,,,,,,,,,,,,,,,,,,,,,,,,,,,,,,
CP05,52모6211,KNAE751CDKS050857,기아,스팅어,스팅어,2019,가동중,스팅어 3.3 가솔린 GT AWD,"미쉐린올시즌, 시그니처1+렉시콘(베이지), 와이드선루프",네이비,레드,"52,620,000","23,000,000",가솔린,3342,,,,,18-12-19,,렌터카,김포,,할부,24-04-03,,,,,,,,,,,,,,,,,,,,,,,,,,,,,,,,
CP05,376두7844,WDD1J1EB6KF076264,벤츠,E220d,E-클래스 W213,2018,가동중,벤츠 E220d 쿠페,"브라운(선루프옵션)-드라이브와이즈2, 프리미엄, 선루프",,,,"30,800,000",디젤,1950,,,,,19-01-30,,렌터카,김포,,할부,25-07-08,,,,,,,,,,,,,,,,,,,,,,,,,,,,,,,,
CP05,66소6317,KNAME81ABKS500895,기아,카니발,카니발 하이리무진,2019,가동중,더 뉴카니발 하이리무진 9인승 디젤 노블레스 스페셜,기본옵션,화이트,베이지,"57,540,000","34,600,000",디젤,2199,,,,,19-01-31,,렌터카,김포,,할부,24-06-07,,,,,,,,,,,,,,,,,,,,,,,,,,,,,,,,
CP05,162고5602,KNACF911BKT202353,기아,레이,레이,2019,가동중,레이 가솔린 1.0 . 밴 A/T 9 19각자,베이지-듀얼선루프/드라이브와이즈2/프리미엄팩/서라운드뷰,화이트,,"12,650,000","6,700,000",가솔린,998,,,,,19-02-27,,렌터카,김포,,할부,24-10-24,,,,,,,,,,,,,,,,,,,,,,,,,,,,,,,,
CP05,15나3640,KMTG541EDKU033656,제네시스,G70,G70,2019,가동중,G70 자가용 가솔린 3.3T Prestige AWD 19MY 시그니쳐베이지,블랙시트팩-드라이브와이즈/선루프/내비+KRELL사운드,네이비,아이보리,"57,090,000","31,524,400",가솔린,3342,,,,,19-03-12,,렌터카,김포,,할부,23-11-23,,,,,,,,,,,,,,,,,,,,,,,,,,,,,,,,
CP05,28누9894,WDC0J4KB2KF513523,벤츠,GLC300,GLC300,2018,가동중,벤츠 GLC 300 4MATIC 쿠페,"스타일, 드라이브와이즈",,,,"38,000,000",가솔린,1991,,,,,19-03-19,,렌터카,김포,,할부,25-02-12,,,,,,,,,,,,,,,,,,,,,,,,,,,,,,,,
CP05,97러0815,KNFSXZ76BKK358966,기아,봉고3,봉고Ⅲ,2019,가동중,봉고1톤 파워게이트 초장축 킹캡 D 19MY 디젤 2WD A/T 럭셔리,드라이브와이즈2,화이트,,"21,520,000","16,531,420",디젤,2497,,,,,19-04-08,,렌터카,김포,,할부,23-12-27,,,,,,,,,,,,,,,,,,,,,,,,,,,,,,,,
CP05,68서5320,KNAF4517GKA046146,기아,K3,K3,2019,가동중,올 뉴K3 1.6 GT 터보 가솔린 5도어 GT Plus,"드라이브와이즈2, LED헤드램프, 스마트테일게이트, UVO",레드,블랙,"28,910,000","13,700,000",가솔린,1591,,,,,19-05-13,,렌터카,김포,,할부,24-05-10,,,,,,,,,,,,,,,,,,,,,,,,,,,,,,,,
CP05,28구4152,KNAME81ABKS575230,기아,카니발 하이리무진,더 뉴 카니발,2019,가동중,카니발 하이리무진 9인승 노블레스 스페셜 디젤 6 HD 지상파 대응,헤드업디스플레이/파노라마선루프/빌트인캠,화이트,베이지,"57,640,000","31,500,000",디젤,2199,,,,,19-05-20,,렌터카,김포,,할부,23-12-15,,,,,,,,,,,,,,,,,,,,,,,,,,,,,,,,
CP05,365주3303,WBAJF3105KBS69943,BMW,BMW 520D,5시리즈(G30),2019,가동중,BMW 520d Luxury Line Special Edition(7세대),기본,,,,"25,500,000",디젤,1995,,,,,19-05-28,,렌터카,김포,,할부,23-11-29,,,,,,,,,,,,,,,,,,,,,,,,,,,,,,,,
CP05,165서6056,KLYDC487DKC824911,쉐보레,스파크,더 뉴 스파크,2019,가동중,더뉴스파크 1.0,멀티미디어 라이트 I / 하이패스(ECM),,,,"8,000,000",가솔린,999,,,,,19-07-23,,렌터카,김포,,할부,23-12-18,,,,,,,,,,,,,,,,,,,,,,,,,,,,,,,,
CP05,32어3092,KMHC051HFKU049683,현대,아이오닉,아이오닉 일레트릭,2019,가동중,아이오닉 AE1 자가용 전기모터 Q A/T 18MY 화이트투톤휠+카퍼엑센트,"현대스마트센스2, 플래티넘, 파노라마선루프, 빌트인캠",화이트,블랙,"48,517,825","17,800,000",전기,78,,,,,19-08-08,,렌터카,김포,,할부,24-03-21,,,,,,,,,,,,,,,,,,,,,,,,,,,,,,,,
CP05,193우6384,KNAMB81ABKS603570,기아,카니발,카니발,2019,가동중,더 뉴 카니발 9인승 디젤 럭셔리,"헤드업디스플레이, 파노라마선루프, 빌트인캠",블랙,베이지,"32,700,000","17,920,000",디젤,2199,,,,,19-08-16,,렌터카,김포,,할부,24-07-10,,,,,,,,,,,,,,,,,,,,,,,,,,,,,,,,
CP05,379우2017,WDDZF4JB5KA657621,벤츠,E300,E300,2019,가동중,벤츠 E클래스 W213 E300e 익스클루시브,플러스,화이트,,,"77,000,000",가솔린,1991,,,,,19-09-27,,렌터카,김포,,할부,25-05-22,,,,,,,,,,,,,,,,,,,,,,,,,,,,,,,,
CP05,293서9081,WDDZF8GB6KA621905,벤츠,벤츠E300,E클래스 W213,2019,가동중,벤츠 E 350 4Matic AMG Line,컨비니언스 패키지/드라이빙 어시스턴스 패키지2/렉시콘 사운드 시스템/파퓰러 패키지+2열 컴포트2+뒷좌석 듀얼 모니터/파노라마 선루프/빌트인캠+보조배터리,화이트,블랙,,"37,800,000",가솔린,1991,,,,,19-10-02,,렌터카,김포,,할부,24-02-05,,,,,,,,,,,,,,,,,,,,,,,,,,,,,,,,
CP05,197너8600,KNAME81ABLS616424,기아,카니발,더 뉴 카니발,2020,가동중,YP카니발 자가용 9인승 노블레스 스페셜 디젤 7 20MY,기본,블랙,브라운,"42,950,000","23,100,000",디젤,2199,,,,,19-10-18,,렌터카,김포,,할부,24-01-03,,,,,,,,,,,,,,,,,,,,,,,,,,,,,,,,
CP05,149조6163,WBA5R3102KFH19214,BMW,BMW 330i,3시리즈 (G20),2019,가동중,BMW New 330i M Sport,"현대스마트센스(DCT), 시트 패키지 2, 테크 패키지 2, 와이드 선루프",블랙,,,"33,300,000",가솔린,1998,,,,,19-10-25,,렌터카,김포,,할부,24-02-07,,,,,,,,,,,,,,,,,,,,,,,,,,,,,,,,
CP05,252나8761,KNAME81ABLS627650,기아,카니발,더 뉴 카니발,2020,가동중,YP카니발 자가용 9인승 노블레스 스페셜 디젤 7 20MY,헤드업디스플레이/파노라마선루프/빌트인캠,블랙,베이지,"42,950,000","23,000,000",디젤,2199,,,,,19-11-13,,렌터카,김포,,할부,24-01-10,,,,,,,,,,,,,,,,,,,,,,,,,,,,,,,,
CP05,193우6308,KNAME81ABLS627929,기아,카니발,카니발,2019,가동중,더 뉴 카니발 9인승 디젤 노블레스 스페셜,HUD / 파노라마선루프 / 빌트인캠,화이트,베이지,"40,780,000","19,950,000",디젤,2199,,,,,19-11-14,,렌터카,김포,,할부,24-07-10,,,,,,,,,,,,,,,,,,,,,,,,,,,,,,,,
CP05,314구7889,KMTG541EDLU059769,제네시스,G70,G70,2020,가동중,G70 자가용 가솔린 3.3T Prestige AWD 20MY 시그니쳐베이지,기본형 - 스포티컬렉션 / 선루프 / VIP시트,청색,아이보리,"56,990,000","29,600,000",가솔린,3342,,,,,19-11-15,,렌터카,김포,,할부,23-12-26,,,,,,,,,,,,,,,,,,,,,,,,,,,,,,,,
CP05,383마3206,KNAPR813BKK744831,기아,스포티지,스포티지 더 볼드,2019,가동중,스포티지 2.0 디젤 인텔리전트 2WD A/T,기본,화이트,브라운,"33,800,000","17,900,000",디젤,1995,,,,,19-12-05,,렌터카,김포,,할부,24-02-08,,,,,,,,,,,,,,,,,,,,,,,,,,,,,,,,
CP05,193우6312,KMHD741EELU037934,현대,아반떼,아반떼 AD,2020,가동중,아반떼AD 자가용 가솔린 1.6 Smart 오토 19My.,기본형-드라이브와이즈/선루프/내비게이션,블랙,블랙,"18,030,000","10,180,000",가솔린,1598,,,,,19-12-05,,렌터카,김포,,할부,24-04-12,,,,,,,,,,,,,,,,,,,,,,,,,,,,,,,,
CP05,193우6391,KNAME81ABLS638672,기아,카니발,더 뉴 카니발,2020,가동중,YP카니발 자가용 9인승 노블레스 스페셜 디젤 7 20MY,"기본형-드라이브와이즈, 선루프, 스타일, 내비게이션",,,"44,150,000","21,680,000",디젤,2199,,,,,19-12-23,,렌터카,김포,,할부,24-04-04,,,,,,,,,,,,,,,,,,,,,,,,,,,,,,,,
CP05,193우6343,KNAF4517GLA064300,기아,k3 GT,올 뉴 K3,2020,가동중,K3 5DR 1.6 터보 GT Plus DCT,파퓰러 패키지 / 파노라마썬루프 / 빌트인캠+보조배터리,,,"26,523,194","14,150,000",가솔린,1591,,,,,19-12-23,,렌터카,김포,,할부,24-03-27,,,,,,,,,,,,,,,,,,,,,,,,,,,,,,,,
CP05,245고2473,KNAF241BELA887632,기아,K3,K3,2020,가동중,올 뉴 K3 1.6가솔린 럭셔리,"빌트인 캠(보조배터리 포함), 플래티넘 IV, 파노라마 선루프",화이트,블랙,"20,334,769","15,000,000",가솔린,1598,,,,,19-12-26,,렌터카,김포,,할부,23-12-14,,,,,,,,,,,,,,,,,,,,,,,,,,,,,,,,
CP05,193우6396,KNAMC81ABLS634177,기아,카니발,카니발,2019,가동중,더 뉴 카니발 9인승 디젤 노블레스 스페셜,컨비니언스패키지 / N DCT 패키지 + 퍼포먼스 패키지 / 와이드 선루프,화이트,베이지,"38,130,000","19,670,000",디젤,2199,,,,,19-12-26,,렌터카,김포,,할부,24-06-28,,,,,,,,,,,,,,,,,,,,,,,,,,,,,,,,
CP05,204나2940,KNAMC81ABLS639394,기아,카니발,카니발,2019,가동중,더 뉴 카니발 9인승 디젤 프레스티지,"쉐보레 인포테인먼트 시스템, 리어 사이드 에어백, 컨비니언스 패키지",블랙,베이지,"38,050,000","22,060,000",디젤,2199,,,,,19-12-27,,렌터카,김포,,할부,24-06-25,,,,,,,,,,,,,,,,,,,,,,,,,,,,,,,,
CP05,204거7383,KMHF3413BLA073087,현대,그랜저 하이브리드,더 뉴 그랜저 IG,2020,가동중,그랜저 IG F/L 자가용 하이브리드 CALLIGRAPHY A/T .,"드라이브와이즈, SBW팩, 스마트커넥트, 선루프, 내비게이션",화이트,베이지,"49,070,000","33,000,000",HEV,2359,,,,,19-12-30,,렌터카,김포,,할부,24-03-26,,,,,,,,,,,,,,,,,,,,,,,,,,,,,,,,
CP05,15가4481,5YJ3E1EB0LF695181,테슬라,모델3,모델3,2020,가동중,모델 3 AWD 롱 레인지,기본,화이트,,,"63,690,000",전기,225,,,,,20-02-24,,렌터카,김포,,할부,25-06-02,,,,,,,,,,,,,,,,,,,,,,,,,,,,,,,,
CP05,299수4820,KMHWG81KBLU136551,현대,그랜드 스타렉스,그랜드 스타렉스,2020,가동중,G스타렉스 디젤 9인승 웨건 자가용 프리미엄 오토 20MY,기본,그레이,,"28,000,000","16,100,000",디젤,2497,,,,,20-03-23,,렌터카,김포,,할부,24-04-09,,,,,,,,,,,,,,,,,,,,,,,,,,,,,,,,
CP05,154모5759,KMHF241DBLA334318,현대,그랜저,더 뉴 그랜저 IG,2020,가동중,그랜저 IG F/L 자가용 가솔린 2.5 EXCLUSIVE A/T,기본,블랙,블랙,"40,700,000","26,300,000",가솔린,2497,,,,,20-03-30,,렌터카,김포,,할부,23-11-23,,,,,,,,,,,,,,,,,,,,,,,,,,,,,,,,
CP05,135수5711,KMHF341DBLA339492,현대,그랜저,더 뉴 그랜저 IG,2020,가동중,그랜저 IG F/L 자가용 가솔린 2.5 CALLIGRAPHY A/T,기본,화이트,아이보리,"44,650,000","31,240,000",가솔린,2497,,,,,20-04-21,,렌터카,김포,,할부,24-01-02,,,,,,,,,,,,,,,,,,,,,,,,,,,,,,,,
CP05,94주0700,KNCSJZ76BLK456043,기아,봉고3,봉고Ⅲ,2020,가동중,봉고1톤 카고 초장축 킹캡 E The New BONGO 디젤 2WD A/T GLS,"렉시콘 사운드 패키지, 아웃도어 패키지, 파퓰러 패키지1, 파노라마 선루프",화이트,,"21,880,000","15,340,000",디젤,2497,,,,,20-05-13,,렌터카,김포,,할부,23-12-18,,,,,,,,,,,,,,,,,,,,,,,,,,,,,,,,
CP05,236로9998,KMTGB41CDMU000891,제네시스,G80,더 올 뉴 G80,2021,가동중,더 올뉴G80 가솔린 2.5 터보 AWD 기본형,퍼포먼스(올시즌) - 스웨이드 컬렉션 - 렉시콘사운드 / 모니터링 / 선루프,화이트,블랙,"78,900,000","54,000,000",가솔린,2497,,,,,20-06-03,,렌터카,김포,,할부,24-03-21,,,,,,,,,,,,,,,,,,,,,,,,,,,,,,,,
CP05,45루6163,5YJ3E1EC1LF725782,테슬라,모델3,모델3,2020,가동중,테슬라 Model 3 Performance,컨비이너스패키지 / 현대스마트센트1 / 현대스마트센스2 / N DCT패키지+퍼포먼스패키지 / 와이드선루프,화이트,,,"36,100,000",전기,225,,,,,20-06-16,,렌터카,김포,,할부,25-01-15,,,,,,,,,,,,,,,,,,,,,,,,,,,,,,,,
CP05,143조2022,KMHTK61BGLU030047,현대,벨로스터,벨로스터 JS,2019,가동중,벨로스터 JS 자가용 가솔린 1.6 터보 스포츠코어 7DCT 고화질DMB적용(투톤) 블랙/레드 천연가죽시트,"컨비니언스패키지, 드라이빙 어시스턴트 패키지 2, 렉시콘 사운드 패키지, 아웃도어 패키지, 파퓰러패키지, 파노라마썬루프, 빌트인 캠 패키지",블랙,블랙,,"28,850,000",가솔린,1591,,,,,20-06-25,,렌터카,김포,,할부,25-07-25,,,,,,,,,,,,,,,,,,,,,,,,,,,,,,,,
CP05,174모9645,KMHF3413BLA088775,현대,그랜저,더 뉴 그랜저 IG,2020,가동중,그랜저 IG F/L 자가용 하이브리드 CALLIGRAPHY A/T .,동승석에어백,그레이,,"49,880,000","24,700,000",HEV,2359,,,,,20-07-13,,렌터카,김포,,할부,24-03-05,,,,,,,,,,,,,,,,,,,,,,,,,,,,,,,,
CP05,377마3268,KMHF3413BLA090161,현대,그랜저 하이브리드,더 뉴 그랜저 IG,2020,가동중,그랜저 IG F/L 자가용 하이브리드 CALLIGRAPHY A/T,"선루프, 내비+KRELL+클러스터",화이트,아이보리,"49,070,000","33,200,000",HEV,2359,,,,,20-08-11,,렌터카,김포,,할부,24-06-24,,,,,,,,,,,,,,,,,,,,,,,,,,,,,,,,
CP05,104버2190,KNAS3418DMS030472,기아,K9,K9,2021,가동중,K9 3.8 그랜드플래티넘 AWD 3 21MY,"내비적용-듀얼선루프, 드라이브와이즈, KRELL사운드, 모니터링팩, 원격주차보조, 스타일, 내비게이션",화이트,베이지,"69,392,635","42,900,000",가솔린,3778,,,,,20-08-18,,렌터카,김포,,할부,24-08-12,,,,,,,,,,,,,,,,,,,,,,,,,,,,,,,,
CP05,155라6323,W1K2J1JB0LA078746,벤츠,CLS300,CLS300,2020,가동중,벤츠 CLS 300d AMG Line,컴포트 II / 컨비니언스 / 현대 스마트 센스 / N DCT 패키지 / N 라이트 스포츠 버켓 시트 / 선루프,블랙,블랙,,"35,000,000",디젤,1950,,,,,20-08-28,,렌터카,김포,,할부,25-02-12,,,,,,,,,,,,,,,,,,,,,,,,,,,,,,,,
CP05,174모9625,KNARL81BGMA056380,기아,쏘렌토,쏘렌토 4세대,2021,대기,쏘렌토 5인승 디젤 2.2 프레스티지 2WD DCT,멀티미디어 내비 플러스/현대스마트센스 Ⅰ,그레이,블랙,"34,452,415","22,830,000",디젤,2151,,,,,20-10-13,,렌터카,김포,,할부,24-03-27,,,,,,,,,,,,,,,,,,,,,,,,,,,,,,,,
CP05,325구9443,KNARL81BGMA054159,기아,쏘렌토,쏘렌토 4세대,2021,가동중,쏘렌토 5인승 디젤 2.2 프레스티지 2WD DCT,"컴포트 Ⅱ, 컨비니언스, N DCT 패키지, N 라이트 스포츠 버켓 시트, 선루프",화이트,블랙,"37,030,000","25,500,000",디젤,2151,,,,,20-10-16,,렌터카,김포,,할부,24-02-01,,,,,,,,,,,,,,,,,,,,,,,,,,,,,,,,
CP05,268저3547,KMTGB41CDMU041544,제네시스,G80,G80,2020,가동중,	G80 RG3 런칭 가솔린 2.5T AWD 19인치B SDS2 파퓰러 패키지,기본,화이트,브라운,"66,370,000","41,000,000",가솔린,2497,,,,,20-10-26,,렌터카,김포,,할부,24-12-05,,,,,,,,,,,,,,,,,,,,,,,,,,,,,,,,
CP05,336소9711,KMHJE811BMU000533,현대,투싼,투싼 NX4 하이브리드,2021,가동중,투싼 NX4 런칭 하이브리드 2WD A/T 인스퍼레이션,"컴포트 Ⅰ, 컨비니언스, 현대 스마트 센스, N DCT 패키지",그레이,블랙,"40,410,000","32,940,000",HEV,1598,,,,,20-11-02,,렌터카,김포,,할부,23-12-01,,,,,,,,,,,,,,,,,,,,,,,,,,,,,,,,
CP05,163조9326,KMHT361HGMU009304,현대,벨로스터,벨로스터,2020,가동중,벨로스터 JS 자가용 가솔린 2.0 터보 N 8DCT 2020,"기본형-드라이브와이즈2, 내비게이션, 스타일",블루,블랙,"35,780,000","19,590,000",가솔린,1998,,,,,20-11-03,,렌터카,김포,,할부,24-07-04,,,,,,,,,,,,,,,,,,,,,,,,,,,,,,,,
CP05,182거8282,KLYDC487DMC200740,쉐보레,스파크,스파크,2020,가동중,더뉴스파크 1.0,"기본형-드라이브와이즈2, 내비게이션, 스타일",그레이,,,"9,000,000",가솔린,999,,,,,20-11-16,,렌터카,김포,,할부,24-11-12,,,,,,,,,,,,,,,,,,,,,,,,,,,,,,,,
CP05,165다5063,KNAG741BBMA093712,기아,K5,K5,2021,가동중,신형 K5(DL3) 2.0 LPI 트렌디,기본형-드라이브와이즈2/내비게이션/스타일,화이트,블랙,"28,250,000","19,800,000",LPG,1999,,,,,20-11-18,,렌터카,김포,,할부,24-05-20,,,,,,,,,,,,,,,,,,,,,,,,,,,,,,,,
CP05,145가1781,W1KZF4FB8MA884751,벤츠,E250,E250,2020,가동중,벤츠 E250 Avantgarde,"컴포트 선택-컴포트(캐러멜), 드라이브와이즈, HUD팩, 모니터링팩, 스마트커넥트, 선루프, 내비게이션",검정,검정,,"36,000,000",가솔린,1991,,,,,20-11-20,,렌터카,김포,,할부,25-02-27,,,,,,,,,,,,,,,,,,,,,,,,,,,,,,,,
CP05,145가1796,W1KZF4FBXMA882645,벤츠,E250,E250,2020,가동중,벤츠 E250 Avantgarde,컴포트 I / 컨비니언스 / 현대 스마트 센스 / N DCT 패키지 / 선루프,흰색,검정,,"36,000,000",가솔린,1991,,,,,20-11-20,,렌터카,김포,,할부,25-03-25,,,,,,,,,,,,,,,,,,,,,,,,,,,,,,,,
CP05,155라6311,W1KZF4FB7MA888399,벤츠,E250,E250,2020,가동중,벤츠 E250 Avantgarde,기본형-드라이브와이즈2/내비게이션/스타일,흰색,검정,,"36,000,000",가솔린,1991,,,,,20-12-15,,렌터카,김포,,할부,25-03-25,,,,,,,,,,,,,,,,,,,,,,,,,,,,,,,,
CP05,155라6331,W1KZF4FB1MA886647,벤츠,E250,E250,2020,가동중,벤츠 E250 Avantgarde,캐스퍼 액티브 Ⅱ/액티브 플러스/선루프/스토리지,흰색,검정,,"36,000,000",가솔린,1991,,,,,20-12-15,,렌터카,김포,,할부,25-03-25,,,,,,,,,,,,,,,,,,,,,,,,,,,,,,,,
CP05,248너5286,KMTMF81CDMU008761,제네시스,GV70,GV70,2021,가동중,GV70 런칭 가솔린 3.5T AWD 스포츠 21인치 SDS2 파퓰러 패키지1,"하이디럭스 패키지(브라운), 딥 컨트롤 패키지, 세이프티 선루프",화이트,블랙,"71,100,000","48,900,000",가솔린,3470,,,,,21-03-04,,렌터카,김포,,할부,24-02-21,,,,,,,,,,,,,,,,,,,,,,,,,,,,,,,,
CP05,249구6262,KNAE551CDMS099933,기아,스팅어,스팅어 마이스터,2021,가동중,스팅어 3.3 가솔린 마스터즈 AWD,19인치초경량단조휠/빌트인캠/N컴포트/N현대스마트센스1/N현대스마트센스2/선루프,블랙,블랙,"56,760,000","41,400,000",가솔린,3342,,,,,21-03-23,,렌터카,김포,,할부,24-10-04,,,,,,,,,,,,,,,,,,,,,,,,,,,,,,,,
CP05,125도3102,KMHT361HGMU010992,현대,벨로스터,벨로스터N,2021,가동중,	벨로스터 JS 자가용 가솔린 2.0 터보 N 8DCT 2020,"베이지-듀얼선루프, 드라이브와이즈2",블랙,블랙,"38,330,000","21,000,000",가솔린,1998,,,,,21-03-26,,렌터카,김포,,할부,24-06-20,,,,,,,,,,,,,,,,,,,,,,,,,,,,,,,,
CP05,350수9623,KMTHA81BDMU058280,제네시스,GV80,GV80,2021,가동중,GV80 런칭 가솔린 2.5T 4WD 22인치 SDS2 파퓰러 패키지,기본,화이트,브라운,"83,780,000","61,940,000",가솔린,2497,,,,,21-04-15,,렌터카,김포,,할부,23-12-18,,,,,,,,,,,,,,,,,,,,,,,,,,,,,,,,
CP05,827버3872,KMFZSZ7KBNU885001,현대,포터,포터2내장탑차,2021,가동중,포터II 하이내장탑차 초장축 슈퍼캡 모던플러스,기본,화이트,아이보리,"24,890,000","16,000,000",디젤,2497,,,,,21-06-07,,렌터카,김포,,할부,24-06-11,,,,,,,,,,,,,,,,,,,,,,,,,,,,,,,,
CP05,175부9961,KNAF4517GNA122708,기아,K3,K3,2022,가동중,더 뉴 K3 1.6 GT 터보 가솔린 5도어 시그니처,기본,네이비,블랙,"29,450,000","23,300,000",가솔린,1591,,,,,21-06-29,,렌터카,김포,,할부,24-06-18,,,,,,,,,,,,,,,,,,,,,,,,,,,,,,,,
CP05,201다3498,KNANC81BBNS150589,기아,카니발 리무진,카니발 4세대,2022,가동중,카니발 7인승 자가용 2.2 디젤 아웃도어,기본,화이트,베이지,"45,460,000","37,981,000",디젤,2151,,,,,21-10-20,,렌터카,김포,,할부,24-01-10,,,,,,,,,,,,,,,,,,,,,,,,,,,,,,,,
CP05,288수6402,KMHLW41KGNU000960,현대,아반떼,아반떼N,2022,가동중,아반떼 CN7 런칭 자가용 가솔린 2.0 터보(N) DCT N,기본,블루,블랙,"37,370,000","23,500,000",가솔린,1998,,,,,21-12-29,,렌터카,김포,,할부,24-08-14,,,,,,,,,,,,,,,,,,,,,,,,,,,,,,,,
CP05,244루2757,KMHB3518BNW014278,현대,캐스퍼,캐스퍼,2022,가동중,캐스퍼 런칭 기본 가솔린 1.0 모던 .,기본,카키,카키,"18,030,000","12,400,000",가솔린,998,,,,,22-01-21,,렌터카,김포,,할부,24-03-08,,,,,,,,,,,,,,,,,,,,,,,,,,,,,,,,
CP05,330모8787,KMHLW41KGNU003164,현대,아반떼,아반떼 CN7,2022,가동중,아반떼 CN7 런칭 자가용 가솔린 2.0 터보(N) DCT N,기본,그레이,블랙,"37,960,000","27,400,000",가솔린,1998,,,,,22-01-24,,렌터카,김포,,할부,23-12-04,,,,,,,,,,,,,,,,,,,,,,,,,,,,,,,,
CP05,186고4026,WMW31BR00N3N97307,미니,미니쿠퍼컨트리맨,쿠퍼 컨트리맨,2022,가동중,BMW New 미니쿠퍼 컨트리맨 High Trim,기본,스카이,블랙,,"30,990,000",가솔린,1499,,,,,22-01-28,,렌터카,김포,,할부,24-06-11,,,,,,,,,,,,,,,,,,,,,,,,,,,,,,,,
CP05,151나8783,KMHLW41KGNU006918,현대,아반떼 N,아반떼 CN7 N,2022,가동중,아반떼 CN7 런칭 자가용 가솔린 2.0 터보(N) 4도어 DCT N .,기본,블랙,,,"43,990,000",가솔린,1998,,,,,22-06-03,,렌터카,김포,,할부,25-06-16,,,,,,,,,,,,,,,,,,,,,,,,,,,,,,,,
CP05,181조8459,KNACH811BPT321102,기아,레이,더 뉴 기아 레이,2023,대기,레이 D 상품성개선2 가솔린 1.0 . 시그니처 A/T,컴포트 패키지III/하이패스(D&N)/내비게이션 패키지II,화이트,블랙,"19,200,000","16,200,000",가솔린,998,,,,,22-09-15,,렌터카,김포,,할부,24-01-05,,,,,,,,,,,,,,,,,,,,,,,,,,,,,,,,
CP05,120라5445,KNACH811BPT321571,기아,레이,더 뉴 기아 레이,2023,가동중,레이 D 상품성개선2 가솔린 1.0 . 시그니처 A/T,파노라마 선루프 / 프리뷰 전자제어 서스펜션 II / 2열 전동식 도어커튼,화이트,블랙,"19,200,000","17,036,900",가솔린,998,,,,,22-09-20,,렌터카,김포,,할부,23-12-11,,,,,,,,,,,,,,,,,,,,,,,,,,,,,,,,
CP05,363소9788,KNACH811BPT328726,기아,레이,더 뉴 기아 레이,2023,가동중,레이 D 상품성개선2 가솔린 1.0 . 시그니처 A/T,,화이트,블랙,"19,200,000","13,900,000",가솔린,998,,,,,22-11-11,,렌터카,김포,,할부,24-03-07,,,,,,,,,,,,,,,,,,,,,,,,,,,,,,,,
CP05,162버2918,KNAEV81AEPK437598,기아,셀토스,셀토스,2022,가동중,더 뉴셀토스 2.0 가솔린 2WD 시그니처 그래비티,,화이트,베이지,"32,330,000","29,700,000",가솔린,1999,,,,,22-12-16,,렌터카,김포,,할부,24-07-08,,,,,,,,,,,,,,,,,,,,,,,,,,,,,,,,
CP05,286주8294,KMHLW41KGPU013103,현대,아반떼,아반떼 N,2023,가동중,아반떼 CN7 런칭 자가용 가솔린 2.0 터보(N) DCT N,,그레이,블랙,"40,810,000","29,900,000",가솔린,1998,,,,,23-01-02,,렌터카,김포,,할부,24-06-14,,,,,,,,,,,,,,,,,,,,,,,,,,,,,,,,
CP05,347다5712,KNACH811BPT349236,기아,레이,더 뉴 기아 레이,2023,가동중,레이 D 상품성개선2 가솔린 1.0 . 시그니처 A/T,,화이트,블랙,"19,200,000","17,300,000",가솔린,998,,,,,23-04-19,,렌터카,김포,,할부,24-03-18,,,,,,,,,,,,,,,,,,,,,,,,,,,,,,,,
CP05,257구2888,KMHB5516BPW069666,현대,캐스퍼,캐스퍼,2023,가동중,캐스퍼 런칭 기본 가솔린 1.0 터보 인스퍼레이션,,흰색,카키,"20,570,000","16,500,000",가솔린,998,,,,,23-05-08,,렌터카,김포,,할부,25-02-13,,,,,,,,,,,,,,,,,,,,,,,,,,,,,,,,
CP05,126서4223,KPBPH3AT1PP044191,KGM,토레스,토레스,2023,가동중,토레스 1.5 GDI 터보 2WD T7,,화이트,,,"34,100,000",가솔린,1497,,,,,23-05-16,,렌터카,김포,,할부,25-06-13,,,,,,,,,,,,,,,,,,,,,,,,,,,,,,,,
CP05,391서7476,KMHLW41KGRU017155,현대,아반떼 CN7,아반떼 N,2024,가동중,아반떼 CN7 PE 자가용 가솔린 2.0 터보(N) DCT N .,,블루,블랙,"40,100,000","38,600,000",가솔린,1998,,,,,23-09-04,,렌터카,김포,,할부,24-03-22,,,,,,,,,,,,,,,,,,,,,,,,,,,,,,,,
CP05,139우7166,KNAME81ABKS608522,기아,카니발,더 뉴 카니발 4세대,2019,가동중,카니발 자가용 9인승 노블레스 스페셜 디젤 6 HD 지상파 대응,,,,"41,350,000","22,500,000",디젤,2199,,,,,23-12-18,,렌터카,김포,,할부,23-12-18,,,,,,,,,,,,,,,,,,,,,,,,,,,,,,,,
CP05,41호8300,ZACNJAC52RJK91169,지프,어벤저,어벤저 24~,2024,대기,어벤저 알티튜드,,옐로우,블랙,"33,000,000","33,000,000",전기,145,,,,,25-06-25,32-06-24,렌터카,김포,,할부,26-01-15,,,,,,,,,,,,,,,,,,,,,,,,,,,,,,,,
CP05,41호8301,ZACNJAC52RJK90622,지프,어벤저,어벤저 24~,2024,가동중,어벤저 알티튜드,,옐로우,블랙,"33,000,000","33,000,000",전기,145,,,,,25-06-25,32-06-24,렌터카,김포,,할부,26-01-15,,,,,,,,,,,,,,,,,,,,,,,,,,,,,,,,
CP05,41호8302,ZACNJAC53RJL00591,지프,어벤저,어벤저 24~,2024,가동중,어벤저 알티튜드,,블랙,블랙,"33,000,000","33,000,000",전기,145,,,,,25-06-25,32-06-24,렌터카,김포,,할부,26-01-15,,,,,,,,,,,,,,,,,,,,,,,,,,,,,,,,
CP05,41호8303,ZACNJAC54RJL00597,지프,어벤저,어벤저 24~,2024,가동중,어벤저 알티튜드,,블랙,블랙,"33,000,000","33,000,000",전기,145,,,,,25-06-25,32-06-24,렌터카,김포,,할부,26-01-15,,,,,,,,,,,,,,,,,,,,,,,,,,,,,,,,
CP05,41호8304,ZACNJAC53RJK94338,지프,어벤저,어벤저 24~,2024,가동중,어벤저 알티튜드,,화이트,블랙,"33,000,000","33,000,000",전기,145,,,,,25-06-25,32-06-24,렌터카,김포,,할부,26-01-15,,,,,,,,,,,,,,,,,,,,,,,,,,,,,,,,
CP05,41호8306,ZACNJAC56RJK94365,지프,어벤저,어벤저 24~,2024,가동중,어벤저 알티튜드,,화이트,블랙,"33,000,000","33,000,000",전기,145,,,,,25-06-25,32-06-24,렌터카,김포,,할부,26-01-15,,,,,,,,,,,,,,,,,,,,,,,,,,,,,,,,
CP05,41호8307,ZACNJAC58RJK94318,지프,어벤저,어벤저 24~,2024,가동중,어벤저 알티튜드,,화이트,블랙,"33,000,000","33,000,000",전기,145,,,,,25-06-25,32-06-24,렌터카,김포,,할부,26-01-15,,,,,,,,,,,,,,,,,,,,,,,,,,,,,,,,
CP05,17하3915,ZACNJAC51RJL00573,지프,어벤저,어벤저 24~,2024,대기,어벤저 알티튜드,,블랙,블랙,"37,746,500","37,746,500",전기,145,,,,,25-06-25,32-06-24,렌터카,김포,,할부,26-01-15,,,,,,,,,,,,,,,,,,,,,,,,,,,,,,,,
CP05,17하3922,ZACNJAC52RJK94329,지프,어벤저,어벤저 24~,2024,가동중,어벤저 알티튜드,,화이트,블랙,"37,746,500","37,746,500",전기,145,,,,,25-06-25,32-06-24,렌터카,김포,,할부,26-01-15,,,,,,,,,,,,,,,,,,,,,,,,,,,,,,,,
CP05,75두7416,KMJWA37KBKU080269,현대,스타렉스,더 뉴 그랜드 스타렉스,2019,가동중,G스타렉스 디젤 12인승 웨건 자가용 모던 오토 더 뉴 그랜드 일반,,화이트,화이트,"28,820,000","5,341,825",디젤,2497,,,,,19-05-03,,렌터카,김포,,할부,26-01-23,,,,,,,,,,,,,,,,,,,,,,,,,,,,,,,,
CP05,161허1751,KMHN3411BSA119220,현대,그랜저,그랜저,2025,가동중,디 올뉴그랜저 하이브리드 1.6 캘리크래피,,파랑,파랑,"54,320,000","49,571,253",HEV,1598,,,,,25-09-08,32-09-07,렌터카,김포,,할부,26-03-31,,,,,,,,,,,,,,,,,,,,,,,,,,,,,,,,